{
    "bleu": 0.9630710178223509,
    "precisions": [
        0.96875,
        0.9655172413793104,
        0.9615384615384616,
        0.9565217391304348
    ],
    "brevity_penalty": 1.0,
    "length_ratio": 1.032258064516129,
    "translation_length": 32,
    "reference_length": 31
}