{
    "rouge1": [
        [
            0.0,
            0.0,
            0.0
        ],
        [
            0.6666666666666666,
            0.6666666666666666,
            0.6666666666666666
        ],
        [
            1.0,
            1.0,
            1.0
        ]
    ],
    "rouge2": [
        [
            0.0,
            0.0,
            0.0
        ],
        [
            0.6666666666666666,
            0.6666666666666666,
            0.6666666666666666
        ],
        [
            1.0,
            1.0,
            1.0
        ]
    ],
    "rougeL": [
        [
            0.0,
            0.0,
            0.0
        ],
        [
            0.6666666666666666,
            0.6666666666666666,
            0.6666666666666666
        ],
        [
            1.0,
            1.0,
            1.0
        ]
    ],
    "rougeLsum": [
        [
            0.0,
            0.0,
            0.0
        ],
        [
            0.6666666666666666,
            0.6666666666666666,
            0.6666666666666666
        ],
        [
            1.0,
            1.0,
            1.0
        ]
    ]
}